"ME","RMSE","R","Obs_mean","NASA_mean"
0.402702702702703,0.498917747648767,0.921537710380642,5.67567567567568,5.99189189189189
