"ME","RMSE","R","PBIAS","Obs_mean","NASA_mean"
-0.63279053743684,9.66000796368828,0.506137121974565,12.8264789228098,4.93347037207166,5.5662609095085
