"Dataset","WetDay","Days","Percent"
"NASA","Dry (<1 mm)",1421,32.6366559485531
"NASA","Wet (≥1 mm)",2933,67.3633440514469
"Obs","Dry (<1 mm)",2518,57.8318787322003
"Obs","Wet (≥1 mm)",1836,42.1681212677997
